FECHA;ADDRESS;CANTIDAD BUSD
2021-11-17;0x2ab03d0bdbb64ff44394448ab371e068b677fa73;100
2021-11-17;0xde9168bd4ebf74d29ab0512e8d3c0e73d5756749;100
2021-11-17;0xde9168bd4ebf74d29ab0512e8d3c0e73d5756749;100
2021-11-17;0xda35769deb6e6327db5802808a41fd97aa8acb70;1664
2021-11-17;0xe45e6aff56f57ff29f0427acefb7fea82625a669;3395
2021-11-17;0x327636dd0189fe0a1bc82feb34e4733dd117d778;500
2021-11-17;0x14c80289b93e3cccaa716dbf1e403dc3a3a228ae;300
2021-11-17;0xeb6208552c4ba9506b278d4f46b79780784bc485;500
2021-11-17;0x676d81c2f882ce783ad5d4f618c60ebcef9519db;1214
2021-11-17;0x8e682ee1f6fb703daa8d53ec3e5bf932300b6f61;8606
2021-11-17;0x80be288f09764c35140f70e7167e1494b0df015a;500
2021-11-17;0xddefb6166643657187c587237c3868f0fb3e37de;10214
2021-11-17;0x4b1f5f4a86102ae23d6a859c6da2bd05a787442e;3000
2021-11-17;0xd858a91ce7f37d5da9fea1aed961de668d5c790f;10200
2021-11-17;0xb90022b376c882b98e5c23de33d5ef03081b639c;13000
2021-11-17;0x6cb5cc8b65a00bd36380aa370b3ee4a8f498a30e;2600
2021-11-17;0x7d8718faba875b07a627592ecaff2fd717266b28;2500
2021-11-17;0xbd8cbe8ed878658bb2767b910a23a02dd6d7a23e;3351
2021-11-17;0x1048e7c29a24da584f6317248466f9c7cbd87558;562
2021-11-17;0x19852f1ecaf297245a2155323d0ab260516d74ab;481
2021-11-17;0x5cdbc5f5cb24454a2ca7aad35450fa00969c2f94;240
2021-11-17;0x7421698e7e607d399e5a5d7a727886d39a6432f3;2000
2021-11-17;0xcaeb246e8060194b25518e37a006b1e4a64a2ba5;2000
2021-11-17;0xd858a91ce7f37d5da9fea1aed961de668d5c790f;700
2021-11-17;0x73ab142ec606896083eb3278435f8346c93b0c55;2000
2021-11-17;0xe0cd94950fa7fbf33fb4a52de665bc7e3a189d73;187
2021-11-17;0x6a2c8fe8baf73e0b02442726a35717f55bf5778f;574
2021-11-17;0x07873a312142bb01e47923103c73efb4e0b9fef4;500
2021-11-17;0x38e1bdecf9607baee873c0822dc705cfb09902da;5000
2021-11-17;0x9fd7237041c7f94a9e7c6577d3f3a8223d94d6e7;100
2021-11-17;0x19852f1ecaf297245a2155323d0ab260516d74ab;222
2021-11-17;0xa4a3ded7e9d86325d167d5c03f82f61f170025c2;198
2021-11-17;0x5e7b7c36960beed7503f9c725b9faeac8755b0dc;100
2021-11-17;0x842bb4b99c9fb93c2c238a81de4496b1faa71855;118
2021-11-17;0xf40577a35cbe74a8b3a6172820e4235bcade2924;1000
2021-11-17;0x75dcf38e95f2adaf757bd4f10c2b7b7a426a40cb;532
2021-11-17;0x84c7ebef0315c56b99d05536ea2b666446b37705;16000
2021-11-17;0x9e65e3bd37c0b1b4de3193c6c29e488c057c5942;2000
2021-11-17;0xaad0ce07848158362dcb66e4a167cf47254adeea;400
2021-11-17;0xdffdad62bc8e7f671643ef89a21d963d7712b246;339
2021-11-17;0x0389ab3a38a3fc8f6a0e96806908e386d3f9be7f;100
2021-11-17;0xddefb6166643657187c587237c3868f0fb3e37de;1258
2021-11-17;0xb724c63eaea41e7e6c95101da8a8b42c7491e640;1505
2021-11-17;0x92b531546b26b67c672a39422b32e6449ca44a4d;1110
2021-11-17;0xf48cef0011da0fbc3cb3caf0928a1609bed44c71;339
2021-11-17;0x45d97d18cdf769c0f8cbbea1ecc6ad535790587c;996
2021-11-17;0x96d5b30ed6e897bf9ebe398ce86b2b4238b70c6f;15344
2021-11-17;0xd9daf5f95d0f3287450dfb2cda9eb27896252599;126
2021-11-17;0xeb1c50f4c3a3d6a30a4192252ccb3ed8d2677ccf;911
2021-11-17;0xb36d3f6a212445a583e90fe11759a1aa0c956c47;16000
2021-11-17;0x5291daac6fd236027e0bc50bd78842490c5e35c4;4790
2021-11-17;0x61d253653b67a9d736a7cb9ebf745f78b8e9a124;16000
2021-11-17;0xea0a2bcff5dfb5b9b545474fb160520255be4012;16000
2021-11-17;0x07aacbeaaf2dd1f1b735041c0ad628af2f084dfa;16000
2021-11-17;0x5d42739ec341fecb271c4f35f652137c86e65696;309
2021-11-17;0x527818e450483bdbb2aa6a4e6ad7cef69bd77140;309
2021-11-17;0x7439d7e7aa48f3d312548f574aa7293dc58e230d;5159
2021-11-17;0xf21cf11b0109ffabe6ef44d3cdbb9cfa52d3289b;250
2021-11-17;0xecc9ebf62f32d881f3711e51a04501b69bb0b662;1350
2021-11-17;0x83ab8420956e4c1df7de2706339e401f385e34e1;158
2021-11-17;0xcaeb246e8060194b25518e37a006b1e4a64a2ba5;400
2021-11-17;0x16fffc43a38e1949ad3bf6bbe91569c61747614a;1600
2021-11-17;0xeaae4d3b267c38dd68436470e7a5864b6b0910fb;200
2021-11-17;0xf599631217257be63c45ed53e95be26d85a09b04;564
2021-11-17;0xeb1432d117ce826fd557649c6d2489683d6c38e9;338
2021-11-17;0xb7ac5eb696b32de76699d22bc02a7826bb3e946d;450
2021-11-17;0x9bf02875b779bba0ae84ae45d6e71dba237b2e87;329
2021-11-17;0x29f52acfc64d7c3408ba7531db23cad1f67c6939;171
2021-11-17;0xd858a91ce7f37d5da9fea1aed961de668d5c790f;700
2021-11-17;0x319df4246ffe99a65a8d2e9a20a2b2dd0a34c513;100
2021-11-17;0xfc39223156c9e5a5f38dd0c60de44f36d6e92c12;135
2021-11-17;0xf8b9e3881658aa8f86071fd55b46846a35cfe2fa;250
2021-11-17;0x84fcbd9b1830f2128e1f180cd40f3482402b6368;500
2021-11-17;0xca51bc8aa903e324677ec65d2b580db801677bb0;100
2021-11-17;0xde5258c69d41f38bb6402f0aaa23d8f210bccf69;130
2021-11-17;0x9e8cd1084d08ec7406d5b3ae5bf3c3e0a956a0f7;10170
2021-11-17;0xdffdad62bc8e7f671643ef89a21d963d7712b246;788
2021-11-17;0x1404035bedd9e836335bb7f0916654d7569c0208;1102
2021-11-17;0xe83e5bdb19627d587de65bd54c7b3c9f5186db27;114
2021-11-17;0x79b13ebd1af082164baf4531f909517be771f2b2;100
2021-11-17;0x0eefa9542ced95f771ff0a4e88fd1664bb0d5324;800
2021-11-17;0x6d64b1b6dc6e66f181393b54937aed0fbf2934ef;12000
2021-11-17;0x72783a5b4ed2a37df55a719c472f1aed1c2e621d;1020
2021-11-17;0x533555010cb1a3611e7b6d0c36d58c2f34a2baa1;106
2021-11-17;0x676d81c2f882ce783ad5d4f618c60ebcef9519db;250
2021-11-17;0x11fb0348df75c7da1d5dfc6a85074a078e287fd2;994
2021-11-17;0x18100383ac844cfbc05232f70c9e97ab13a786c3;274
2021-11-17;0x8d2898a253bf023b28b20966436436519a7d8f90;169
2021-11-17;0xfc2d658c13988a72801dd6f6aede99235c2babfa;103
2021-11-17;0x43836542954db5a4cea4eeb3a6287344900945a4;500
2021-11-17;0x4851f8f88502201c38f42471451fd5d446aaf0bc;227
2021-11-17;0x50fa381581e369d02b756c5530ae9a127559f01a;216
2021-11-17;0xb7ac5eb696b32de76699d22bc02a7826bb3e946d;500
2021-11-17;0xfcf82ad436a01d62f3bf8c42c3f859e459b45640;177
2021-11-17;0x7412104e4ca23cbf7cee3dca2e0ed420775d2ec2;200
2021-11-17;0x2ff31cb0cf1ddc5d097603f2ad6c22a75fb9c4d6;350
2021-11-17;0x4289d60bdce7080fc2063ce34aa750210b8cb910;573
2021-11-17;0x0fa89f51ec212b5fd1d12dd91eb0fc001d8e50ac;100
2021-11-17;0x04a3fc3947fe71154774d742ebfa0347f47fc282;119
2021-11-17;0xde9168bd4ebf74d29ab0512e8d3c0e73d5756749;800
2021-11-17;0x60c90691adb7d843d9aa1225b499a6a35648f1dc;200
2021-11-17;0xe039ff687e99b627afc7554e7613c36ca850ce84;516
2021-11-17;0x0e40b47a1f137cfaec71fc624c5583eb9b725823;105
2021-11-17;0x971d680858239c9b69e8dbf11d6e9e57c1bf350f;102
2021-11-17;0xe45e6aff56f57ff29f0427acefb7fea82625a669;540
2021-11-17;0x407533e4938f840ee58fded0a55479fbd2e88f55;208
2021-11-17;0x1b3d4b163cf5a1e050a7126df2d451db2bbe125d;472
2021-11-17;0x486c14eb19dedec133e84a13517296fd1d359548;200
2021-11-17;0xec37dfc01b3be2fa772335c25ba84fd9bd052d7d;428
2021-11-17;0xa98593cb43a2c8c70bb973e89d3dd5f9455bdd8f;530
2021-11-17;0x128a10fb585139d1f120a3a9ad785a3f9fe88ba8;301
2021-11-17;0xde51d865255c75abfbf40d651e09098748ae88ab;567
2021-11-17;0xe618d6d292e6dd1f78ac0dc5d1899c1360ebd442;400
2021-11-17;0x5f14d359797b96925cac5e16618da1028532e603;286
2021-11-17;0x114727171687278bc73e59162f86b6c5870bc2af;1339
2021-11-17;0xe2303512e18d9844f3fe2235dddac7ef47ecd09f;375
2021-11-17;0x254d107602f6c8ecd48aa6b1714fe8c3f06c1489;5000
2021-11-17;0x3c83530270548d5f5ff202c88ffaa1e6db04d37f;103
2021-11-17;0xa98593cb43a2c8c70bb973e89d3dd5f9455bdd8f;150
2021-11-17;0x86ece3820f4f007a6e38bf104b8d829cc88d32a4;1500
2021-11-17;0x114727171687278bc73e59162f86b6c5870bc2af;554
2021-11-17;0x975011530f07b8fb0173647b286bac3cbaa8c803;1227
2021-11-17;0xa40ed9f71a23f6337ee6c385472c97d949bb0c9f;543
2021-11-17;0x0389ab3a38a3fc8f6a0e96806908e386d3f9be7f;100
2021-11-17;0xfada7de149e62eedf2b444c4929bfeabd5fdec4a;290
2021-11-17;0x7421698e7e607d399e5a5d7a727886d39a6432f3;922
2021-11-17;0xfa7b04b7052081c1cec9256a05be2b7cbd600d07;3000
2021-11-17;0x480d567002ee34699102985839adb3bbf8dcdcf1;105
2021-11-17;0xd69d11776eceeb3d7666f1d3e031fb4a9c6b11de;100
2021-11-17;0x228a0eb1547f42a23c78d31d823baf03bd51d5fc;241
2021-11-17;0xa8307e8971bb1c7f8baf80f3d6238988c92b6b40;958
2021-11-17;0xc5b164ac967f5e36638af0aa840391e32ca3ea6a;1115
2021-11-17;0x83ca20ee7a4881daf10fadc8156e014ceaaa7d85;169
2021-11-17;0x5c67362c0c7df8cf285de65080cad3ab5aeff57d;399
2021-11-17;0xddefb6166643657187c587237c3868f0fb3e37de;1425
2021-11-17;0x8e5d1532f0396faa1f4700d71ee7a9e340feb936;160
2021-11-18;0x30846b1d83dbb543ebedc3a0f24c222177daab37;2135
2021-11-18;0xd26c16d70e7725e761cb135b0faffca5a39984b4;100
2021-11-18;0x609bd01bf678426323f88d38b7777d71cee8cc08;297
2021-11-18;0xe6bb957b2e7c536e407e1ccd6bba47403814490c;100
2021-11-18;0x609bd01bf678426323f88d38b7777d71cee8cc08;101
2021-11-18;0x2048a73c6287c2224d965061d39b9e473f2d77b8;201
2021-11-18;0xa8381cce86c3cc25ceea308dc9bcd0aba8bc6c07;104
2021-11-18;0x5e6e5910678403286df4975f7c65ea84b0fe162b;470
2021-11-18;0xba10ba5b4be80a450f20ef1baa8b13f80b16518e;102
2021-11-18;0xd219f359c650f47c21a60bd9ac22561eccced30b;100
2021-11-18;0xd219f359c650f47c21a60bd9ac22561eccced30b;1900
2021-11-18;0xd62a27e212c35257ea036148be828fb58d8a07fd;150
2021-11-18;0xf3383ce9e79f3a8d88990d205031db95776c0b13;1000
2021-11-18;0xbb4855aaa5f590e8c9457b3d77cd7511bd1bc5cf;208
2021-11-18;0xb0afc3cb40ccb52ecc9d061a563232c105867e14;3000
2021-11-18;0x282f5c20b209b8e03bb5a57b6d3e3c5b4b91a7ef;120
2021-11-18;0x7f4cfdf9b101ffdb81c3476d9252ce0d62f083ff;425
2021-11-18;0x65c885a351cb1a5fd0ad5f042eb4214b2f481dcc;111
2021-11-18;0xc846b4532249ba200a2f40b011aa8a770266bac2;250
2021-11-18;0xa271aea92144792adf7b77b63f25b09c5c327b6f;100
2021-11-18;0xb4a7957f89d98f7c64e67e2cf448428b138b3962;200
2021-11-18;0xc89ccb8cc2326722feab7c24b1431429c414b2d6;1500
2021-11-18;0x8be1907f0276317251b7a88ceaf70d3bd7323f18;112
2021-11-18;0x43836542954db5a4cea4eeb3a6287344900945a4;1000
2021-11-18;0x41e345e3e7dd421ed2894ec85cbf1c76766f6752;191
2021-11-18;0x098621204796a04ada1d44f00ea15ca9fc8f421a;562
2021-11-18;0x32ec6d79e9e471f955625874ade60ca164fa1596;116
2021-11-18;0xb3e8d208d4f82e69a8e7d55a0bfecdf219dfc253;100
2021-11-18;0x161637fe8008c275a064b09710805a7e8cb0e597;100
2021-11-18;0x01741d58a97cb300787e0627fdeb92fe8cc41a0b;101
2021-11-18;0xa1f9136fb3b990ff5e29121d19cc5391e7cf556c;160
2021-11-18;0xc53f058afa084d06f974e477ef9150958c29a365;100
2021-11-18;0x5031f1a3fd772bda96ef0e697acf98c15127698a;100
2021-11-18;0x86cedb81675e093b5e581955d601c56d75ddc2e7;875
2021-11-18;0xa2a3a6fb4756961afacaa974f5b165bc0acae783;217
2021-11-18;0x0e55d4b97a7e357d43fb2e4e32576f1f3fbf52b1;151
2021-11-18;0x7e195a461fefd0cbb37bad4ec44fdb8ed56cf4ad;183
2021-11-18;0x9e17163eb3b3c20a6154ec8bcbb192e3430e85bc;221
2021-11-18;0x5e8d7bd6d2fee1940c80823d56846a1fc72ec4ff;1100
2021-11-18;0xea3e1ae66f8a174f319bae64f39acd058412476a;175
2021-11-18;0x59f3ea4b1500612db6d2b5815585f6a31c60cdc0;100
2021-11-18;0x607af29bf84abd875f5e16f1845bed4d131ebd62;1106
2021-11-18;0xd4cb97da996b6a677292a91c2fdfc121b4392f55;200
2021-11-18;0x558e5a0a419ce7341ab507da402cd17ae6e67d3c;138
2021-11-18;0x61f3811b92596004d6cd65840b489ff0b3fe3053;100
2021-11-18;0x558e5a0a419ce7341ab507da402cd17ae6e67d3c;100
2021-11-18;0xa14b35101ac4891c581d83561d95d3dfc6ccd1b7;100
2021-11-18;0xf0cb1628778b53b504d77791b5088c60fcb1d4ae;126
2021-11-18;0xce1317a9e8d2096a9dec8bd95dab219e2aae4db4;101
2021-11-19;0xc0cc02c5827581b4922708ad17c81a068a57bc08;240
2021-11-19;0x610ca80b7a86d51c8f3b1568d12c3d16cda66118;110
2021-11-19;0x9e17163eb3b3c20a6154ec8bcbb192e3430e85bc;211
2021-11-19;0xf05e0beaf58cba548b229d74cf06b0a97120f9f1;400
2021-11-19;0x5d18cc3da1e480423fe7444a3471083946036701;150
2021-11-19;0x1fd7c3b6f8e61cfc173464fb6f2c170f0abac0c8;152
2021-11-19;0x29eb902d770a6cb2951f852bd5db258f6d8cee91;735
2021-11-19;0x43836542954db5a4cea4eeb3a6287344900945a4;137
2021-11-19;0xc945ab54a0c641bddb2775d6504dc5211054a9d2;105
2021-11-19;0x16fffc43a38e1949ad3bf6bbe91569c61747614a;1996
2021-11-19;0x28b062d850aeaeaa69b5d4bbfb62e79cc33d5c8a;206
2021-11-19;0x842bb4b99c9fb93c2c238a81de4496b1faa71855;335
2021-11-19;0xdb2c73ec9c42dd49077cc8efe60d9937ee7959aa;285
2021-11-19;0xd92dee68308133daa9bf4b326fa0f77884b2712b;148
2021-11-19;0x2f7b96150f603aad4c2612ad63b518224d227a95;2088
2021-11-19;0x038393bbf892686fad147d900948dd9de693d463;100
2021-11-19;0x1d0bb21b41e228f5717e267ce6a3e7c0bb80130e;100
2021-11-19;0xc5a764ea954d46b8f17976ab331b8d17b9a2f9c5;108
2021-11-19;0x66594bb36c6d2d0302b43db5fe97cb3f9f4403c1;225
2021-11-19;0xc72ef16866d795ad7f0da99fd9b5c851fdcac97d;218
2021-11-19;0xb61c097259bcd1c1683ddf37fd04873062b9959e;150
2021-11-19;0x1155d0b06c3e77ad771246cf88b4b403d90b6727;1090
2021-11-19;0x00d5aed330e09d5bf43bd3ec45d8e39bbb1543bb;449
2021-11-19;0x20a45fc7765e787ec0a9747c26a6e6d64cdb961b;218
2021-11-19;0xfef5efffdb7c66e95b5efbc24f6058966944c728;500
2021-11-19;0xf236f1af443d013b860fcd07fbb47fe5e50e2fb8;170
2021-11-19;0x85d8b4645f6833f19b6eaf19500ac2ed72c9f2c1;735
2021-11-19;0x0704cd32d7be09c67a9960345ab73d72aa518b3d;1008
2021-11-19;0x42836de06707463ae4bf064a11676396575a16bd;621
2021-11-19;0x0704cd32d7be09c67a9960345ab73d72aa518b3d;132
2021-11-19;0x01741d58a97cb300787e0627fdeb92fe8cc41a0b;115
2021-11-19;0x9dc1e3dc9fe1cc63eeca93261f26ac8cba0ec79b;125
2021-11-19;0xb89bb395b8786763695fd2eb6269eadcbc4babcd;1087
2021-11-19;0xaf757f7701d4f92f0e8195e22e9696026469369a;172
2021-11-19;0xa7b0af407a2a0c56d82aecac5c162877191d3936;121
2021-11-19;0x59c61a294df00f405d9cbc39959d8c1ff5da9bd7;512
2021-11-19;0x9b115ba9ad92716b5e5b97727382654a4b7008f2;216
2021-11-19;0x59c61a294df00f405d9cbc39959d8c1ff5da9bd7;233
2021-11-19;0xf491d2ed64f3270f498e531186b60821852c5295;162
2021-11-19;0xcb116e45191cdb443a9b142e79e7393a4ed1e6e9;134
2021-11-19;0xb78c14d13876f554cf4b11681efac8ea386973fc;1500
2021-11-19;0xe8b756cb5d8455f40254b164acac361d55626ebd;1087
2021-11-19;0x544562491468fd7d8c8ad099e87b10723b747537;498
2021-11-19;0xdaa37b5a4503bebf66812f609c2184f3a6329b1c;210
2021-11-19;0x53405514de531b5ef5cd9a44ef06c7f331c98bb1;300
2021-11-19;0x61aa13869c51b03103445301836c2de85fd2cc94;316
2021-11-19;0xc950abbbdffd71ab472e2ed7517d7cbd4fa4281e;3568
2021-11-20;0x54d4ffddde708885c154740077ae3f0fd293e508;3500
2021-11-20;0x9bf02875b779bba0ae84ae45d6e71dba237b2e87;171
2021-11-20;0xcfe7a0f4d549ba0aa6fd80823931e13d23327501;102
2021-11-20;0x1fd7c3b6f8e61cfc173464fb6f2c170f0abac0c8;100
2021-11-20;0x03d303d3821e69826a47f761589cd8b4ab9df8e9;2500
2021-11-20;0xc2e2017421087be10499dd9f75e45ef5d672d752;178
2021-11-20;0x4b01f8ce3e6311bd4fe7a791a0da63214b1399f0;105
2021-11-20;0x3116c57291d489e9eb018e8d9f892fa9c211c96c;318
2021-11-20;0x2b88f4852766204919257ceb3d3c8cdb5a960b4b;3488
2021-11-20;0xb89bb395b8786763695fd2eb6269eadcbc4babcd;526
2021-11-20;0xc043b52a2eb798cc443c71db0c297ffdcc0bc32b;112
2021-11-20;0xbd21326afb10c4ff40e5107f9c51d5af969c76ae;119
2021-11-20;0x347dc06f71b32b7e7b48e5d66fe8e76855bf11c2;1100
2021-11-20;0xa0f83bd30ee0db5b8e42399c79a8aec8637430d1;696
2021-11-20;0xcad5d230367b28664a303f67bb727fb3314f663c;149
2021-11-20;0xcc461175e506fed272058047ef2828af1d3f4e3b;338
2021-11-20;0xc6564672a0b0414efd0e3d2e2e79281c1cf5aeb5;4000
2021-11-20;0xcfe7a0f4d549ba0aa6fd80823931e13d23327501;100
2021-11-20;0x36d60c726da5419dccfe6d30e5ee410d519e16af;100
2021-11-20;0x228a0eb1547f42a23c78d31d823baf03bd51d5fc;131
2021-11-20;0x0aeff9a436cebf23c82fef4b06cd9d47581e29ca;240
2021-11-20;0xd3b7b25e3972c9dc0223c7fbc5ce2362c6d429bf;1107
2021-11-20;0xec3f228921b0403f39d2e5ed4df848de21f44012;534
2021-11-20;0x50fa381581e369d02b756c5530ae9a127559f01a;300
2021-11-20;0x8eb007ed3b236be498f534428e68ac755e945fb4;1073
2021-11-20;0x570bdc6518368126751aa1132a6e4dc9c78a8e77;508
2021-11-20;0xe9267ac3383ae56c841903596d9c7cc2d612ea99;200
2021-11-20;0xa3fd7a45ee5246461881c17db54b5bc92d28e681;225
2021-11-20;0x67b1c015df0167df89f1027e31625f84bb3c3ab7;220
2021-11-20;0xc4431cab5cbc43220fa3e95f411ebeed4342c969;220
2021-11-21;0xddefb6166643657187c587237c3868f0fb3e37de;655
2021-11-21;0x708dec7c11c304a7c412324ccaaae72ef1de72a9;500
2021-11-21;0x41bb3be6c287471ea1fb6b463f6a7d13f05f3487;359
2021-11-21;0x081ff9123c93fcaf85b5043f53987f3e6df5da22;115
2021-11-21;0x4d7a8f1ecc85d0a2975db5d08f3f0a6773e5ff6f;100
2021-11-21;0x653c5c8c5748046419ca76d2f350df5a6c46e77f;129
2021-11-21;0xddefb6166643657187c587237c3868f0fb3e37de;2286
2021-11-21;0xddefb6166643657187c587237c3868f0fb3e37de;162
2021-11-21;0xce1317a9e8d2096a9dec8bd95dab219e2aae4db4;934
2021-11-21;0xbdda9f93bf087aa88de30cb760816d4ec123396f;116
2021-11-21;0x197fa925a9a5b339f156b6e30e46bcf7eb954e2d;100
2021-11-21;0xe1a49ae13951fe9e19dc9b16167e8a9c1ac91ccb;100
2021-11-21;0xeb1c50f4c3a3d6a30a4192252ccb3ed8d2677ccf;137
2021-11-21;0xd164f61feb4dc69a612268132041d98714b9c520;1102
2021-11-21;0x98c8a949684f98f0c3498d902899e7c5642dea62;116
2021-11-21;0x3ab14ae83f29608f1c64ec509144877b190bb37b;110
2021-11-21;0xb89bb395b8786763695fd2eb6269eadcbc4babcd;542
2021-11-21;0x6cb5cc8b65a00bd36380aa370b3ee4a8f498a30e;800
2021-11-21;0x816be7c10f331fd97e32ec948e03a5900c094b7d;200
2021-11-21;0xf491d2ed64f3270f498e531186b60821852c5295;234
2021-11-21;0x29eb902d770a6cb2951f852bd5db258f6d8cee91;372
2021-11-21;0xe45e6aff56f57ff29f0427acefb7fea82625a669;502
2021-11-21;0x7621c6fe58e8d0df04faf65f0ec284e7050fb35b;437
2021-11-21;0xdddf77e42a769303a5b9815356b05bb6e5685c9a;200
2021-11-21;0xb89bb395b8786763695fd2eb6269eadcbc4babcd;1084
2021-11-21;0xcfe7a0f4d549ba0aa6fd80823931e13d23327501;100
2021-11-21;0x5cdbc5f5cb24454a2ca7aad35450fa00969c2f94;240
2021-11-21;0xc94362a97215b6ddd16b967d687f231e09039882;2500
2021-11-21;0x842bb4b99c9fb93c2c238a81de4496b1faa71855;327
2021-11-21;0xb7462b0f4928b3bb731610253695deba92dfbd9f;160
2021-11-21;0x83ca20ee7a4881daf10fadc8156e014ceaaa7d85;204
2021-11-21;0xfcf82ad436a01d62f3bf8c42c3f859e459b45640;234
2021-11-21;0xfcf82ad436a01d62f3bf8c42c3f859e459b45640;237
2021-11-21;0x65d32b98a0392b4abe14992def6825ddf5a2b3e4;975
2021-11-21;0x3ed18781cb04788a6825175f0c7aa2aaf5253f62;162
2021-11-21;0xd7b235bde3803d54cf58912d03e3dd3d49840100;300
2021-11-21;0x75e2262440d93bacc4e42aa3176247073124a04a;1100
2021-11-21;0xde9168bd4ebf74d29ab0512e8d3c0e73d5756749;9000
2021-11-21;0xf3ca5fe9d21b98e560bb0b95e01bf559e167d0cb;1000
2021-11-21;0x75733f5d7b3f2de55d8e85233bc2232b833195ee;100
2021-11-21;0xe618d6d292e6dd1f78ac0dc5d1899c1360ebd442;179
2021-11-21;0x18100383ac844cfbc05232f70c9e97ab13a786c3;157
2021-11-21;0xc46d77238ffca33f14a3c7b8a68a06070da2b2c5;1389
2021-11-21;0xcaeb246e8060194b25518e37a006b1e4a64a2ba5;322
2021-11-21;0x2fe806b9b9964ed7220445c135d22598c8e31367;108
2021-11-21;0x2703784ac104984a8e7e0b3b135f56a3620706a5;119
2021-11-21;0x3a71ea66359e41d2fefa255bd31bf9c983a7c266;200
2021-11-21;0x4798847dd1efc067e45721ecc2dbb13a75c4748f;110
2021-11-21;0xd423ea620232bba99f9b80419dba99cae406a3db;123
2021-11-21;0xbcef0b2ca978a63f2ef140caa640125feb84547b;300
2021-11-21;0xbcef0b2ca978a63f2ef140caa640125feb84547b;200
2021-11-21;0x7e75a7fb231a9d118ffbe7ac7b571dd694adfa2f;110
2021-11-21;0x19c5bfb45b38c27dd18e245efd951e43bdc3642c;101
2021-11-21;0xdb2c73ec9c42dd49077cc8efe60d9937ee7959aa;190
2021-11-21;0xabd31cbd23e8192fbc060eface86ef43d679a03c;662
2021-11-21;0xbc81bb3325cd8a2eba28908def29ea24f3db1de3;243
2021-11-21;0x9eed19ac634fb499d7fa9f581399cb464e464907;100
2021-11-21;0x658436e458f036a719299a7f991cab2e38dcf68e;216
2021-11-21;0x2218987e9d7c9e221e706c00956e881b6064cda9;7000
2021-11-21;0x541d2659690357ac3fdac93d293b04d9843a51b0;105
2021-11-21;0x36d60c726da5419dccfe6d30e5ee410d519e16af;100
2021-11-21;0xb61c097259bcd1c1683ddf37fd04873062b9959e;1000
2021-11-21;0xd64e5cc04d5686f9921bdc52299c69efb76ce99d;222
2021-11-21;0xeb1c50f4c3a3d6a30a4192252ccb3ed8d2677ccf;512
2021-11-21;0x0e8ce62e78293e5fa8fb7be245dce0a2583e93a4;478
2021-11-21;0xf0a946f55fbc5d11b59f228411f56345b6edb3e2;500
2021-11-21;0x80a619956354e95f2c58267969d20b7e4aa5d9e8;111
2021-11-21;0xa22b72693a18a9089a5fbc26b5be284ce9f9e9d1;280
2021-11-21;0xf1f46349a84f2da34a285dbeeab043f2c4877a87;115
2021-11-21;0x5f457092aef6b659e13035e913028d6363027ed0;122
2021-11-21;0xd1d80c1b56230fed07e30f889e4fd510ba1a71ba;512
2021-11-21;0xefedcd5a180b9eca7b50c35a2d050cdf0b2dd9a4;117
2021-11-21;0xff6d606793ccf8721207b74c75d0d3da6be91b1b;110
2021-11-21;0xd1d80c1b56230fed07e30f889e4fd510ba1a71ba;455
2021-11-21;0x36d60c726da5419dccfe6d30e5ee410d519e16af;200
2021-11-21;0xdacc0d204ca826b626e40388616930b4422c7a7b;210
2021-11-21;0xb177782cedbea164282d91a25bca04d5f84bf1b1;100
2021-11-21;0xf550922f72cfcde8bcf9a099eb3ce523b40db99d;499
2021-11-21;0xadb471fcb95e7c5c701862b25faf6449bf872d75;1682
2021-11-21;0xb67f29d6af2e7a49ed11f2221ab09a0ecf5e524b;100
2021-11-21;0xd858a91ce7f37d5da9fea1aed961de668d5c790f;730
2021-11-21;0x8d5dbaa9b4f8c1f60816bdd9df7700f1c3b36399;895
2021-11-21;0xd973b5ad311d8d84d90166b17335cacac1263bab;500
2021-11-21;0x3cfdab33ff49678cd8f25f4e7a6ea536d5254611;100
2021-11-21;0x084e4526ed58134229c4014767f95060e81a9c18;11032
2021-11-21;0xcfecdac23dfd731fa238480a1f1e47ef0af478a4;225
2021-11-21;0x97c9d92326b896cf870dccb714bf0e1a9d45e2d3;176
2021-11-21;0x111fe55bd714885179eb4e7b1097c531c0124ab1;2000
2021-11-21;0xe7b1ca8e35349f56ab45279d7350b8f4fa22867f;110
2021-11-21;0x527818e450483bdbb2aa6a4e6ad7cef69bd77140;166
2021-11-21;0x68adca463c4f57456f50e7ce6f7f24d4bd05e597;683
2021-11-22;0xd292c314a9bef48e13f43c5ebcf1498cd019a645;551
2021-11-22;0xbd5cf9c5a240c5c017a86f5877d7123943dc7c1f;1000
2021-11-22;0x19d16f329591a46f39df2e14568374e589c5fbae;1250
2021-11-22;0xbd21326afb10c4ff40e5107f9c51d5af969c76ae;106
2021-11-22;0x6f54c9f953ba177750e22424b58badd287d9be07;100
2021-11-22;0xb84bf19b65743898c33d9c4a695ad9575247548a;471
2021-11-22;0x7af14380bc928a29efc354faa64f297da92349f3;265
2021-11-22;0x9fea62901f1273bc81586f5c625be81316fb380d;100
2021-11-22;0xce61dd2f233097be6279eed9b4091caadf0be5f2;100
2021-11-22;0xce61dd2f233097be6279eed9b4091caadf0be5f2;1000
2021-11-22;0xd164f61feb4dc69a612268132041d98714b9c520;829
2021-11-22;0x4996b262bf9807dff2ec54294f340e9b9d801460;100
2021-11-22;0x5571e441fe9f3afd0b8646c1c7bfc5bc4b1ca8ad;503
2021-11-22;0x79b13ebd1af082164baf4531f909517be771f2b2;122
2021-11-22;0x6720b9eda36de4fad8cea5f62b446e9ea7870fd4;116
2021-11-22;0x9b8a73a79f6ec1f3cbb32257c1e40ff378c40265;230
2021-11-22;0x97869fa3ec5c181257dc17aff4c8e937bf013225;102
2021-11-22;0xed42e343f62fc53802a2f9317c8e06c5975f132c;1200
2021-11-22;0x4bb75545e562dd7f8f4363a539c391689d89abfa;16000
2021-11-22;0x104a0db0149052163ee0d410da0f7a12150987f5;440
2021-11-22;0x07873a312142bb01e47923103c73efb4e0b9fef4;101
2021-11-22;0x00e7ca2f33e596394bcda190d98d001d1bcbaee5;100
2021-11-22;0x570bdc6518368126751aa1132a6e4dc9c78a8e77;110
2021-11-22;0x6cb5cc8b65a00bd36380aa370b3ee4a8f498a30e;600
2021-11-22;0xe618d6d292e6dd1f78ac0dc5d1899c1360ebd442;1540
2021-11-22;0x837a1c0ea6335630ab0fa145ae0b5f2fef54207b;497
2021-11-22;0x0bc92cc046abf242d9d86ff634656962fc319563;220
2021-11-22;0xf21cf11b0109ffabe6ef44d3cdbb9cfa52d3289b;195
2021-11-22;0xde194dc7ebea6576fd665a640ce93470a0ef6836;435
2021-11-22;0xe5a0f19aff13c78c25c417d0bc6929516fa0e646;123
2021-11-22;0x1910b089e8f022050232d094efa58308788039f8;112
2021-11-22;0x41b1e6fc7e88e5a07354eafa3a9e80b3c45b2c5f;150
2021-11-22;0xa4e169f5466bfd430beff5ea334af0354f4992cb;700
2021-11-22;0x01741d58a97cb300787e0627fdeb92fe8cc41a0b;101
2021-11-22;0x19852f1ecaf297245a2155323d0ab260516d74ab;161
2021-11-22;0x0d092e4750eecf02e5e086f4f67e234d4822e4f9;1965
2021-11-22;0xb6a931648f8f4f15214c1403f9f370cd93e3fb52;132
2021-11-22;0xbca4bbe42ead10d27716207725d680c7122fb1f4;310
2021-11-22;0x73fcc909198a5836660fa263d81cfe84f0a7f719;1030
2021-11-22;0x240f2b8942de4dd913d468974d4fe7096f42bccb;100
2021-11-22;0xbad801a27116c6f78cd047c73cf4ab7bee5df2e0;110
2021-11-22;0xaa264af607f0eb4e74c50a39a96137ea49da0f35;100
2021-11-22;0x27ea1a262627f68803b7fd1a22d4dd436af9943d;200
2021-11-22;0x09206d5aec6b8461a5774ad764b9a0f3c0cfcaee;664
2021-11-22;0xb89bb395b8786763695fd2eb6269eadcbc4babcd;2168
2021-11-22;0xa41e28d9bd847d075394fd3c7d6e042a8d60ac6c;100
2021-11-22;0x769ca72d4b8b641d7283d293924a71304d54752b;2052
2021-11-22;0xdf7eee58a7aa0a6ca546c9ee05ac60e5885b4c94;100
2021-11-22;0x242ecc45893fa52e8944c1c48063f304bf441207;224
2021-11-22;0x5571e441fe9f3afd0b8646c1c7bfc5bc4b1ca8ad;104
2021-11-22;0x5571e441fe9f3afd0b8646c1c7bfc5bc4b1ca8ad;439
2021-11-22;0x73ab142ec606896083eb3278435f8346c93b0c55;584
2021-11-22;0x6c8529e445e22ea441987cd4b21441b5572c79e0;1441
2021-11-22;0xae57d58d56ec916f72cd5248f68c742254290cd6;331
2021-11-22;0x3ef476b7f7f3c436094c68dd3ff473b0eb6f5955;100
2021-11-22;0x16b1853327f88c6d69aa8d47813329867b550a39;100
2021-11-22;0x4f64c87643dd3d82830d9e8f6e69680de72e79c6;310
2021-11-22;0x9ebeb09cf3510074991f05e00292a8b679b0acb2;330
2021-11-22;0x060d4dc33f076d32757f3414359bd247bb960ca1;105
2021-11-22;0xadfb7197d9e980c7cf6f41dbb1e58d55d20811b5;159
2021-11-22;0x9384abba9a1feaf82d1f6b13c5c6f1dae99bb327;156
2021-11-22;0xf701c8170f7b12316688dd2b3933c9a79d31c6e2;100
2021-11-22;0x68941a6b50e682e603f08ad2b559823d0395077a;418
2021-11-22;0xffadbed9447d2321e3d11915bb7f6465f0c64ba9;1083
2021-11-22;0x128a10fb585139d1f120a3a9ad785a3f9fe88ba8;450
2021-11-22;0x67c85e19bed858fbd56974438e0f079e0cc93c11;591
2021-11-22;0x56ee3cf139878d7f770bd1e5a8b55bcee874dffe;270
2021-11-22;0x67c1e157c378434f9ebffd9c1d575bf2e3281007;211
2021-11-22;0x58dc73ed4979e575dead8cece098ac090ed0151c;124
2021-11-22;0x19a03e796a15f86ee67cdfe2dd168a5b24cd5df5;300
2021-11-22;0x5384c770005f84bce8dc87120c4f3054c89a6f5f;110
2021-11-22;0x58dc73ed4979e575dead8cece098ac090ed0151c;554
2021-11-22;0xbe9c7a30a652aa9361029234825979adba0feab5;1000
2021-11-22;0x5384c770005f84bce8dc87120c4f3054c89a6f5f;1323
2021-11-22;0x53405514de531b5ef5cd9a44ef06c7f331c98bb1;368
2021-11-22;0x03d16462d24c4d0d278d7a46eccb7ec042334dd4;1111
2021-11-22;0x89b0b6aba4c8a5ec2da8e6e565e5d37022069e2e;200
2021-11-22;0xf4825c8b48e4fd1fc0cdf472f61cf030adcfbdb8;1290
2021-11-22;0x4289d60bdce7080fc2063ce34aa750210b8cb910;276
2021-11-22;0x4a592ee348d7e30602a5ae77c6dd4ba31badca64;551
2021-11-22;0x4a592ee348d7e30602a5ae77c6dd4ba31badca64;552
2021-11-22;0x7a19bb34564406f5d6136b30aa7e9a79f35448aa;108
2021-11-22;0xde5d9d592eb12064cd232374a2bac4bc7e0ebd57;1100
2021-11-22;0xc501cdbf443af3668217af8160c28808c52a5968;1094
2021-11-22;0x29ef73ee5d8d03e85b4c35b22ec7ae998f7f6ce7;100
2021-11-22;0x34607edded1cda1872b1837d802123a5c67b4af4;100
2021-11-22;0xcedc479905f03e8776e863ee469a09cc7b1584c5;1080
2021-11-22;0xf4ce6dede54d914a2fe179b057f86b08f66e3913;1774
2021-11-22;0x28b062d850aeaeaa69b5d4bbfb62e79cc33d5c8a;100
2021-11-22;0x038393bbf892686fad147d900948dd9de693d463;112
2021-11-22;0x270108f3ce1175765ba477fe6c2b11d70f458ea1;1059
2021-11-22;0xa00e8258bf5c13cd21dd715bb727f333b3e70579;254
2021-11-22;0x9d1e8436f53c6110a552106c4de672551820191f;164
2021-11-22;0x2a33bdeed6b7a832b7978f1e5fb255628f442910;115
2021-11-22;0x72a61411d03d5191e085aff45a07b22af64e25d9;4718
2021-11-22;0x1a99bbdf5b61dcf958873f5b1b3895aab5e6a5e5;220
2021-11-22;0x009f19060e2cfdb1d39a43009dded198d13b514e;2000
2021-11-22;0xe618d6d292e6dd1f78ac0dc5d1899c1360ebd442;150
2021-11-22;0x1a99bbdf5b61dcf958873f5b1b3895aab5e6a5e5;400
2021-11-22;0x9e17163eb3b3c20a6154ec8bcbb192e3430e85bc;100
2021-11-22;0x676d81c2f882ce783ad5d4f618c60ebcef9519db;193
2021-11-22;0xf1ade66dbc405d075f7a01aa0246a504a088afd0;6644
2021-11-22;0x883e3a535c86002d827a9401b6c8a38421850289;519
2021-11-22;0x6d403378dff69f371d9dfd1edcd2dba51f303007;112
2021-11-22;0x688a114d91c5a6ae6d573520bb7bb2dece3f3abf;100
2021-11-22;0xaad0ce07848158362dcb66e4a167cf47254adeea;108
2021-11-22;0x5fd31178bab10f97a0858405683638643c5cd4d9;555
2021-11-22;0x5d20d559810831f7c37fc172ed86793fd32afe4f;500
2021-11-22;0xb8d5327920cad9f603a120abea4a1a1f3894656e;1000
2021-11-22;0x90a018e319cf0210a75d46a4078bb41013cc3f0a;115
2021-11-23;0xe83e5bdb19627d587de65bd54c7b3c9f5186db27;1110
2021-11-23;0x5fd31178bab10f97a0858405683638643c5cd4d9;500
2021-11-23;0x47174b014801324722bd13692c73ee04b48c6f55;440
2021-11-23;0x9e603bd49d709c3017af1856be9a884f558888cf;5845
2021-11-23;0xcb12687481f012995db6c03379411e199ec977af;110
2021-11-23;0x650777d4b464fe6c4ea24b31c8a94ec630edbaee;100
2021-11-23;0x8d23947775ef49e9949462a07c252fa6ff7c89e5;167
2021-11-23;0x9332edccdeaaf2e0141c3f393a0b9fd1f05c7c72;140
2021-11-23;0xd1fd6b51843eef08825e9da6de1cf95ae31af835;16000
2021-11-23;0x1aa6e59a7b8bb09e34b608cda2acd205446ac00d;400
2021-11-23;0x5991d8a53684ffa76d561ae3bfbcadbbe52da67b;400
2021-11-23;0x270a6e85e0df46a2046fb18151cf9311ea5e5158;100
2021-11-23;0x52b6223fe6cce8afd5a1558deeffdf4e854da7f3;100
2021-11-23;0x7e75a7fb231a9d118ffbe7ac7b571dd694adfa2f;140
2021-11-23;0x0144e4d7b7615618e827ea46ef78f72f999ef2ea;1256
2021-11-23;0xb61c097259bcd1c1683ddf37fd04873062b9959e;950
2021-11-23;0x4c2e1ecfbe132b442b189be827eeb477870f897b;100
2021-11-23;0xaae2274944899f122a5df1624186b45a7548f80e;110
2021-11-23;0x4fd984a16dba63bdfae4665a315b2a1d2f97aa37;500
2021-11-23;0x9b02e3dcede97eec8271bc32a3ba9f365c825ad4;120
2021-11-23;0xc2f31f7b6e988d9904cfbb1ddb4d943951f9023e;5709
2021-11-23;0x20a45fc7765e787ec0a9747c26a6e6d64cdb961b;113
2021-11-23;0x41e345e3e7dd421ed2894ec85cbf1c76766f6752;144
2021-11-23;0x57b0e57a880670f1b05db09293a09785fdc1c10e;158
2021-11-23;0x775203eb18703381c64b60ed9598b73aa00588c6;220
2021-11-23;0x3219ce6863f13247e02452e2ef5c7337df14a7ce;200
2021-11-23;0x569ffbe2c0c6124292567670ac7951d1c61c80d3;285
2021-11-23;0x3219ce6863f13247e02452e2ef5c7337df14a7ce;200
2021-11-23;0xa8f6acdfbaec2c0e2c801388fb7b1552d16fe010;1165
2021-11-23;0x0748957504d252b370ba3135698b4de1bc736887;189
2021-11-23;0x2b14577cc973e8d127608d9cb168471f1f10c7d9;200
2021-11-23;0xeeab409683a4daa06f0a32638cf787f0776dc5cf;2001
2021-11-23;0x479fe041c5ff3f0b1ab0c6d3f1348d18fab4e819;16000
2021-11-23;0x7ed5035641135efc9365b1ebecc6147dc38c01b5;4000
2021-11-23;0xe039ff687e99b627afc7554e7613c36ca850ce84;300
2021-11-23;0x1fc9e12299aa0af9284ff04d18be362285018dff;1045
2021-11-23;0x570bdc6518368126751aa1132a6e4dc9c78a8e77;430
2021-11-23;0xc6cb3319d66fb2ac95117787e7c0dfcbe7d67ae0;185
2021-11-23;0xd9daf5f95d0f3287450dfb2cda9eb27896252599;100
2021-11-23;0xd9daf5f95d0f3287450dfb2cda9eb27896252599;1019
2021-11-23;0xe78dd1a36f5b90803089ca6675143384d062f9d3;1019
2021-11-23;0x17053e42fc2f15bba7740be169101e8545408752;1200
2021-11-23;0xd33c0d9f672866de6bb22483b67f60874a199f0a;147
2021-11-23;0x18100383ac844cfbc05232f70c9e97ab13a786c3;286
2021-11-23;0x16b4710312321e947b28aa9d97a9d28b86bb0cd1;3360
2021-11-23;0xf3c91d1c3add980de80f4a216666bf7d5cf60730;4490
2021-11-23;0xb3f867c05d9475229837b66547754be57655ccc2;115
2021-11-23;0x8a543d6483507482d1e2660d40796d80aac2a608;450
2021-11-23;0x3da241ce6e6600ad7455a9af8a2e8bbbf4edd9bc;4160
2021-11-23;0xe1a103e3ee864966976926a17e1101893c4c7b47;16000
2021-11-23;0xb61c097259bcd1c1683ddf37fd04873062b9959e;100
2021-11-23;0x9266ad96addf216ef46177a1a38be20c55e81532;125
2021-11-23;0xe3463840dfec838a3420c054f7cfc3a6a167e89e;204
2021-11-23;0xa1f9136fb3b990ff5e29121d19cc5391e7cf556c;100
2021-11-23;0x28b062d850aeaeaa69b5d4bbfb62e79cc33d5c8a;100
2021-11-23;0x3a609687d7ebffbea1e620d3dca40757093bf799;105
2021-11-23;0x16c589641076b0ba9510b8070e885f8bac392ef5;100
2021-11-23;0x71193ac18137b6bd79bb96dabab3758063d5df3c;4000
2021-11-23;0x79b13ebd1af082164baf4531f909517be771f2b2;800
2021-11-23;0xfaf19f39b12ab0508369d784fbc46ffa8e221d03;600
2021-11-23;0x53405514de531b5ef5cd9a44ef06c7f331c98bb1;324
2021-11-23;0xdec37536afc7280c406f44bd85d710effa1e98b5;1128
2021-11-23;0x3fe58bd83722521a98d86cd4d1833c2ba26e89f7;160
2021-11-23;0xf491d2ed64f3270f498e531186b60821852c5295;237
2021-11-23;0xab33f580c723b94f04b8a0b1b823dc2f3dbdc1c0;116
2021-11-23;0x0d0d2470eb4a3e21208baa420b734644e3ccc36c;2000
2021-11-23;0x5fd31178bab10f97a0858405683638643c5cd4d9;595
2021-11-23;0xc9a0c10f5484d035574ff9973a1a7f88f5c24a38;10000
2021-11-23;0x59f3ea4b1500612db6d2b5815585f6a31c60cdc0;100
2021-11-23;0x7b60af788204a8801536a58246eb48edaf36a5d7;110
2021-11-23;0xdcdb181caf41e1422c0ae2c7b331c5cc1e2a8cd0;2487
2021-11-23;0xc59352b5c978abc8eefac2e71783d5cebc44510c;101
2021-11-23;0xeaecaf9d8dac30b913d3cdc14505f223d0053b62;538
2021-11-23;0x16fffc43a38e1949ad3bf6bbe91569c61747614a;100
2021-11-23;0x1e5f703db0ffb9da8e34b279a43beb20089ee0f2;652
2021-11-23;0xeb1c50f4c3a3d6a30a4192252ccb3ed8d2677ccf;335
2021-11-23;0x8080727283a6c0db883fadea47f3fec5b2896154;144
2021-11-23;0x816be7c10f331fd97e32ec948e03a5900c094b7d;200
2021-11-23;0xedc60ffabb2fb8e4367c0d292ecab4860563ebfb;200
2021-11-23;0x158ab5fb45d188590e2867cc217f838f42a78e92;427
2021-11-23;0xb89bb395b8786763695fd2eb6269eadcbc4babcd;174
2021-11-23;0xd45ff0ec9907c5d98ee8bbfa987a4873e45545d8;481
2021-11-23;0x9266ad96addf216ef46177a1a38be20c55e81532;249
2021-11-23;0xceb2342f991302405d542534a1b8b604c9bf99e1;100
2021-11-23;0x1601480f44754ca4ca27fe1fdbafdc9d60d6515a;160
2021-11-23;0xceb2342f991302405d542534a1b8b604c9bf99e1;132
2021-11-23;0x551c4be42dc6793065e164416336b37b67a19bb8;300
2021-11-23;0xa118545d9766ad156d30a051af2b3570f1a43a6b;300
2021-11-23;0x1102db43d3c796ac43f35b0632f0092c71f7dce7;861
2021-11-23;0x86ece3820f4f007a6e38bf104b8d829cc88d32a4;200
2021-11-23;0xed9142ce23bb7002f649521698d5e2007602f172;220
2021-11-23;0xd69d11776eceeb3d7666f1d3e031fb4a9c6b11de;500
2021-11-23;0xc950abbbdffd71ab472e2ed7517d7cbd4fa4281e;2001
2021-11-23;0xf40de3a3924bf23cc3c191660c484efca5ff5c11;108
2021-11-23;0x71193ac18137b6bd79bb96dabab3758063d5df3c;954
2021-11-23;0xd292c314a9bef48e13f43c5ebcf1498cd019a645;331
2021-11-23;0x0f272e5208cdf73dea4740efbe365dc91b4577a6;100
2021-11-23;0x1accd49357ec826e2a58a4e211033aa3f1404272;1000
2021-11-23;0x89b0b6aba4c8a5ec2da8e6e565e5d37022069e2e;150
2021-11-23;0xa56b8fc48d15ac061ffbbc501a469008b07356c4;2103
2021-11-23;0x07cea3fd0c44e8cbf8d68d26c36e59e0802715fe;1271
2021-11-23;0xe3437cbc5391392161cd42ed14787529ac8d5840;100
2021-11-23;0xf40577a35cbe74a8b3a6172820e4235bcade2924;2000
2021-11-23;0x7baf0de5be8aa7af2f0c53b1ccf1f2f4fd32b9b6;120
2021-11-23;0x5231037c9d284ba456f5df8aa91de6332c9c3d28;4000
2021-11-23;0x8e682ee1f6fb703daa8d53ec3e5bf932300b6f61;2161
2021-11-23;0x89bac902ca0cc8dac32575e8084d75330c5282e8;130
2021-11-23;0xdad0cdebd320c896b564c6c52ed159e0626b4b40;592
2021-11-23;0xc4f8f77fc39f1c98eebadde88c574a6f70afbfc8;226
2021-11-23;0x71193ac18137b6bd79bb96dabab3758063d5df3c;8579
2021-11-23;0xcc0ed8ad3de9df09bb7f4b5440eab44ec92efba8;432
2021-11-23;0xde3a4c19c977d4e7c5e7072413dc99c30ff136f5;101
2021-11-24;0xb74ccc405742b4a3dc8c4e1902ebcf29205db856;16000
2021-11-24;0x29eb902d770a6cb2951f852bd5db258f6d8cee91;2213
2021-11-24;0xf3ca5fe9d21b98e560bb0b95e01bf559e167d0cb;1740
2021-11-24;0xa118545d9766ad156d30a051af2b3570f1a43a6b;198
2021-11-24;0x2dbc55ffe9cd0f1629e08450388652cfc10a82b6;536
2021-11-24;0x982ed83617a495c77afb1708323057da215be711;528
2021-11-24;0xfe2b03eeb6b55c4b6e3027790c94308e619d4c7e;1292
2021-11-24;0x0b8e67240aab36587b972de8bb719051c52b159e;360
2021-11-24;0x71193ac18137b6bd79bb96dabab3758063d5df3c;1936
2021-11-24;0xd0e953158dd476fff737bb9b7bfe49b4fef0b460;16000
2021-11-24;0xdb973c8a17a1bf7cba9fe2361448e26657766860;16000
2021-11-24;0x646a4b96d45bccbbe2f743bc5489de20eef3fbe0;16000
2021-11-24;0x4566823b7009dee88fd98aa9df5fb5a8b199474e;16000
2021-11-24;0xad90cc86078481b3a60d665530784ea758049086;100
2021-11-24;0x66f4e83e540404c3353128538c00b32629d836f7;16000
2021-11-24;0xf898d5a5ef5d5926df97f8b51c983574506680b1;463
2021-11-24;0x6bbb4556cc557941d2d3f1e299d6fe558b413cbf;300
2021-11-24;0x7d1dfb6f80a4c546b5f9b40567ff6d7c6b7f0d98;14010
2021-11-24;0xa1008458fbe2958fb87cf62875d84765ca48f631;4215
2021-11-24;0x53405514de531b5ef5cd9a44ef06c7f331c98bb1;324
2021-11-24;0xd219f359c650f47c21a60bd9ac22561eccced30b;500
2021-11-24;0xc2f7b89736ec677a1bbc7b25e248be92429fc866;100
2021-11-24;0xde194dc7ebea6576fd665a640ce93470a0ef6836;103
2021-11-24;0x3b5f7517b864e62c2575516e3112434ba126506a;105
2021-11-24;0xaa6a1f49a01fbe0e4e91159621265a2b5e6399c7;148
2021-11-24;0x5057b3ee1f9ff6b53ad7b9d25373df28e7ade123;1400
2021-11-24;0xbaa6ec9c3f1485612005a79c03807d81afc4764f;472
2021-11-24;0x5571e441fe9f3afd0b8646c1c7bfc5bc4b1ca8ad;170
2021-11-24;0xfcf82ad436a01d62f3bf8c42c3f859e459b45640;235
2021-11-24;0x06bba0bea1f5c37d921fd528536b94e352d2e5fa;999
2021-11-24;0xdae23fab0bcffcfab9fed8b00539860eec075d7f;551
2021-11-24;0x6a2c8fe8baf73e0b02442726a35717f55bf5778f;590
2021-11-24;0xb49bd8af7129d5de2458b117640ba0e5eaf96bce;110
2021-11-24;0xa1f9136fb3b990ff5e29121d19cc5391e7cf556c;540
2021-11-24;0x108f20d2186bbfeffce45499bef4e5cbec2c050c;300
2021-11-24;0x7c65ff928d282d59da1b08f6a9a83161181aadb7;195
2021-11-24;0x43a7810b0b58a62767fc1965169bc7312288131e;2000
2021-11-24;0x745c605491f7d6aae49e392d0846a8ea7a3ea8c6;100
2021-11-24;0xad90cc86078481b3a60d665530784ea758049086;100
2021-11-24;0xed42e343f62fc53802a2f9317c8e06c5975f132c;400
2021-11-24;0x5057b3ee1f9ff6b53ad7b9d25373df28e7ade123;2250
2021-11-24;0x4851f8f88502201c38f42471451fd5d446aaf0bc;4267
2021-11-24;0x608973685b5a8eda824d40e3c16ae45e0d750938;10054
2021-11-24;0xde9168bd4ebf74d29ab0512e8d3c0e73d5756749;6000
2021-11-24;0x6f72b75a2f96e30c8e7dc7438b24bb9f438e09bb;107
2021-11-24;0xe67279f633d47b4fe42d7a3ac2dc6609d0e0ef51;100
2021-11-24;0x2c9d9f7cdb5f98d4409a319c25c244a077efbfde;4000
2021-11-24;0xffadbed9447d2321e3d11915bb7f6465f0c64ba9;200
2021-11-24;0x20435662e097305bd2b1a81167a053f3a3eb5978;487
2021-11-24;0xde194dc7ebea6576fd665a640ce93470a0ef6836;185
2021-11-24;0x0ba80213b4c9a5d4efc729a369355e8c6f3b129e;100
2021-11-24;0xacd5ed2bf274b27c4f156c404d4c4b73a18b0ca9;100
2021-11-24;0x28b062d850aeaeaa69b5d4bbfb62e79cc33d5c8a;165
2021-11-24;0xd727a9cc42414b95a63990fb25c36937b22ef5a9;100
2021-11-24;0x4d619906e06889c4e6f69f9210e658c0af3d6f7a;16000
2021-11-24;0xc2f31f7b6e988d9904cfbb1ddb4d943951f9023e;3872
2021-11-24;0xb7ac5eb696b32de76699d22bc02a7826bb3e946d;450
2021-11-24;0x19852f1ecaf297245a2155323d0ab260516d74ab;168
2021-11-24;0xb88de5d2144ea165d8280594a4aa6a7d85e8bb94;269
2021-11-24;0xe039ff687e99b627afc7554e7613c36ca850ce84;100
2021-11-24;0x327636dd0189fe0a1bc82feb34e4733dd117d778;500
2021-11-24;0x0b8e67240aab36587b972de8bb719051c52b159e;104
2021-11-24;0xe367a60d7f90325693d1be981d96aa13a165e0c0;101
2021-11-24;0xc2f31f7b6e988d9904cfbb1ddb4d943951f9023e;800
;;
TOTAL;HOLDERS;487
